{"loss": [10.456496238708496, 4.128554344177246, 3.7443747520446777, 3.7821223735809326, 3.9134957790374756, 3.393052816390991, 3.1451213359832764, 2.8795151710510254, 2.8854801654815674, 2.4840774536132812, 2.3821234703063965, 2.5378010272979736, 2.6469500064849854, 2.0173091888427734, 2.1220736503601074, 1.8310316801071167, 1.6482888460159302, 1.5683279037475586, 1.4525437355041504, 1.3985435962677002, 1.3761565685272217, 1.385840892791748, 1.2380021810531616, 1.109537959098816, 1.1906331777572632, 1.2525626420974731, 1.2211501598358154, 1.3414509296417236, 1.1671580076217651, 1.253836989402771], "accuracy": [0.03756019100546837, 0.0638844296336174, 0.09470304846763611, 0.13386838138103485, 0.17239165306091309, 0.21380417048931122, 0.27544140815734863, 0.30176565051078796, 0.33130016922950745, 0.3833065927028656, 0.41540929675102234, 0.44622793793678284, 0.49277690052986145, 0.520385205745697, 0.5547351241111755, 0.5788121819496155, 0.6150882840156555, 0.6340289115905762, 0.6654895544052124, 0.6982343792915344, 0.7004815340042114, 0.7149277925491333, 0.7277688384056091, 0.7518458962440491, 0.7499197721481323, 0.7621187567710876, 0.7678972482681274, 0.7611557245254517, 0.7861958146095276, 0.8006420731544495], "val_loss": [3.440929412841797, 3.2908222675323486, 14.865623474121094, 2.929893970489502, 2.946841239929199, 2.555208444595337, 2.4049232006073, 2.3027312755584717, 2.389768362045288, 1.812436819076538, 2.659930467605591, 1.8762060403823853, 1.899471402168274, 1.8260945081710815, 1.5705987215042114, 1.4844917058944702, 1.2747063636779785, 1.3957916498184204, 1.4605481624603271, 1.1843695640563965, 1.0788029432296753, 1.5356453657150269, 1.1440749168395996, 1.132436990737915, 1.351745367050171, 1.2098982334136963, 1.0369393825531006, 1.6033191680908203, 1.1465063095092773, 2.0555593967437744], "val_accuracy": [0.10541310906410217, 0.17378917336463928, 0.03988603875041008, 0.2222222238779068, 0.23931623995304108, 0.41310539841651917, 0.4216524362564087, 0.4672364592552185, 0.45299145579338074, 0.5925925970077515, 0.3988603949546814, 0.6467236280441284, 0.6438746452331543, 0.6609686613082886, 0.7350427508354187, 0.7236467003822327, 0.7692307829856873, 0.7863247990608215, 0.7920227646827698, 0.7920227646827698, 0.8347578644752502, 0.7492877244949341, 0.8433048725128174, 0.8490028381347656, 0.8632478713989258, 0.8490028381347656, 0.8774929046630859, 0.8660968542098999, 0.874643862247467, 0.8860399127006531]}